community_id,community_name,community_price,district_name,plate_name,lat,lng,community_age
5011000001967,启航城,27360,上海周边,昆山,31.291226,121.126412,4
5011102208795,赛格国际公寓,17082,上海周边,上海周边,31.294793,121.153468,1
5011102209378,昌吉路215弄,22857,上海周边,上海周边,31.302197,121.158528,36
5011000011958,凯德都会新峰,24666,上海周边,上海周边,31.293175,121.161694,5
5011000012894,金都安亭家园,26068,上海周边,上海周边,31.300107,121.156152,3
5011000010636,鑫苑国际城市花园,20740,上海周边,昆山,31.408904,120.976248,2
5011000004215,荣胜公寓,72574,虹口,北外滩,31.2628576,121.5152152,16
5011000016171,中虹明珠苑,82514,虹口,北外滩,31.261905,121.509836,10
5011000012415,唐山新苑,60875,虹口,北外滩,31.26633285,121.5154452,20
5011000006105,天宝西路252弄,58639,虹口,曲阳,31.27996528,121.4994131,22
5011000015851,大三小区,65964,虹口,曲阳,31.28057,121.499972,25
5011000014645,东广大厦,57549,虹口,凉城,31.285855,121.473785,18
5011000014647,佳伟小区,59715,虹口,凉城,31.30629682,121.4797061,18
5011000013085,四联大厦,66209,虹口,临平路,31.27581052,121.5039181,18
5011000013623,中虹公寓,59508,虹口,江湾镇,31.30261411,121.4834371,14
5011000014703,水电小区,59344,虹口,凉城,31.294113,121.482203,20
5011000015843,新海城,51084,虹口,江湾镇,31.307337,121.491943,12
5011000016062,海湾大厦,104298,虹口,北外滩,31.25021478,121.4983281,17
5011000017070,国际明佳城,87951,虹口,四川北路,31.260795,121.492683,10
5011000017547,凉城四村,59015,虹口,凉城,31.299306,121.478304,19
5011000017878,四季沙龙公寓,29691,虹口,江湾镇,31.30099508,121.488143,11
5011000018014,中皇广场,67936,虹口,临平路,31.260447,121.50064,13
5011000020441,建邦16区,95958,虹口,临平路,31.27350359,121.5054058,5
5011000010828,新中新村,54920,虹口,凉城,31.28757398,121.4826712,19
5011000003396,丰景湾名邸,67197,虹口,凉城,31.310963,121.481056,9
5011000004071,恒盛里,78227,虹口,鲁迅公园,31.27043098,121.4943735,89
5011000017556,中山大厦,53428,虹口,凉城,31.28248327,121.4840361,27
5011000011526,春满园,74374,虹口,凉城,31.28421302,121.4744141,15
5010322005209798,嘉苑公寓,67131,虹口,鲁迅公园,31.275085,121.483062,15
5011000017559,虹诚大厦,46206,虹口,临平路,31.269445,121.49828,15
5011000017657,祥东小区（虹口）,67651,虹口,曲阳,31.279112,121.501305,31
5011000012036,意和家园,60761,虹口,凉城,31.282646,121.470697,11
5011000013236,宝鸿小区,58855,虹口,凉城,31.307942,121.4826,23
5011000015288,玉龙大厦,60808,虹口,鲁迅公园,31.281522,121.495433,18
5011000013376,馨虹苑,77097,虹口,北外滩,31.25933,121.503794,13
5011000012150,虹景公寓,60582,虹口,凉城,31.2937041,121.4827499,18
5011000015105,临江大厦,64348,虹口,北外滩,31.257077,121.514763,20
5011000015762,虹仪小区,66796,虹口,鲁迅公园,31.27663857,121.4946436,21
5011000012098,江杨名苑,57223,虹口,凉城,31.31281848,121.4768646,11
5011000012258,东四小区,78674,虹口,曲阳,31.28858,121.496233,25
5011000012351,三湘花苑,58790,虹口,凉城,31.283281,121.472177,17
5011000012584,大上海紫金城,71271,虹口,凉城,31.280583,121.473434,8
5011000012762,广苑小区,53499,虹口,凉城,31.300017,121.473391,22
5011000012788,凯润金城,84681,虹口,四川北路,31.2628,121.48856,10
5011000012861,飘鹰东方花园,87287,虹口,曲阳,31.276483,121.499671,13
5011000013822,商业一村,47068,虹口,鲁迅公园,31.28138312,121.4826064,29
5011000012385,复旦小区,64603,虹口,凉城,31.29795243,121.4834868,23
5011000012275,久久公寓,74390,虹口,江湾镇,31.307112,121.492792,15
5011000012568,瑞虹新城（三期）,88002,虹口,临平路,31.272007,121.507418,6
5011000012865,沽源小区,54678,虹口,江湾镇,31.30858854,121.4837599,20
5011000015184,景泰大楼,52373,虹口,北外滩,31.262767,121.507659,116
5011000015194,同心城,52634,虹口,凉城,31.275209,121.479623,19
5011000016304,瑞嘉苑,80306,虹口,临平路,31.262334,121.49573,12
5011000016791,珊瑚苑,71316,虹口,凉城,31.285213,121.468897,14
5011000016943,中虹花园丽都苑,71421,虹口,凉城,31.292048,121.475801,14
5011000016901,晨林花苑,71627,虹口,临平路,31.265876,121.501585,13
5011000006328,建设新村,59916,虹口,鲁迅公园,31.276504,121.493919,116
5011000010673,海伦国际大厦,50699,虹口,四川北路,31.26803559,121.4861936,4
5011000003242,华严路58弄,53233,虹口,凉城,31.30788109,121.4800687,18
5011000004326,北城公寓,57363,虹口,鲁迅公园,31.274075,121.485727,20
5011000004481,逸虹景苑,76774,虹口,江湾镇,31.30457,121.49316,11
5011000004494,海虹小区,62121,虹口,凉城,31.28651712,121.4853386,26
5011000004445,水电路1013弄,60067,虹口,凉城,31.29475124,121.485472,20
5011000004511,东五小区（虹口）,71024,虹口,曲阳,31.290024,121.497103,27
5011000017379,中环明珠,95293,虹口,凉城,31.294785,121.488277,11
5011000018023,名江七星城,86917,虹口,北外滩,31.25694,121.501508,13
5011000014177,华二小区,58982,虹口,凉城,31.3043216,121.47558,22
5011000014778,安国大楼,66335,虹口,北外滩,31.26339,121.514581,26
5011000015591,曲阳名邸,75754,虹口,凉城,31.293756,121.488295,11
5011000016811,海伦大厦,46388,虹口,临平路,31.261153,121.502559,20
5011000016768,甜爱大楼,66416,虹口,鲁迅公园,31.277274,121.491697,18
5011000016978,香杉园,82023,虹口,凉城,31.29003363,121.4883027,10
5011000017552,中原证券大厦,52802,虹口,鲁迅公园,31.28198207,121.4936366,20
5011000017867,广灵二村,52892,虹口,凉城,31.29143808,121.4855007,3
5011000017868,广中一村,57968,虹口,凉城,31.28317835,121.4844938,43
5011000005811,广中路25弄,66972,虹口,曲阳,31.28140351,121.4861401,31
5011000019519,华进公寓,48134,虹口,江湾镇,31.30833717,121.4895036,20
5011000007243,场中公寓,57537,虹口,江湾镇,31.31323258,121.4858722,18
5011000006168,西宝兴路949弄,51148,虹口,凉城,31.27644563,121.4756257,26
5011000006822,车站南路407弄,55519,虹口,凉城,31.30039105,121.4801349,13
5011000007379,水电路1381弄,58895,虹口,江湾镇,31.30347622,121.483146,18
5011000009012,荣振馨苑,69734,虹口,江湾镇,31.301685,121.491958,8
5011000012682,万峰小区,54716,虹口,凉城,31.309405,121.479822,19
5011000010419,安业公寓,74402,虹口,鲁迅公园,31.272062,121.479889,8
5011000010767,怡景大厦,67479,虹口,鲁迅公园,31.27892993,121.4843883,20
5011000002791,大众公寓,59381,虹口,北外滩,31.265784,121.514549,19
5011000007369,吴家湾路52弄,57019,虹口,江湾镇,31.29905162,121.4916656,18
5011000012789,建工天峰公寓,73113,虹口,曲阳,31.289442,121.490571,16
5011000013918,虹北公寓,52403,虹口,凉城,31.320736,121.479664,14
5011000011057,豪景苑,114934,虹口,北外滩,31.252958,121.494752,3
5011000015074,西南小区,70193,虹口,曲阳,31.284918,121.495516,29
5011000017472,商建大楼,59701,虹口,曲阳,31.292116,121.495982,19
5011000015452,秀苑小区,61715,虹口,凉城,31.294502,121.47624,13
5011000014533,鸿旭豪苑,86671,虹口,北外滩,31.264302,121.518212,9
5011000014946,双东小区,84208,虹口,曲阳,31.289432,121.495651,31
5011000017483,江杨家园,60160,虹口,凉城,31.315279,121.476419,9
5011000018065,恒业公寓,59630,虹口,鲁迅公园,31.271516,121.479659,18
5011000013665,运光小区,61993,虹口,曲阳,31.294977,121.501301,30
5011000015199,恒城花苑,70731,虹口,鲁迅公园,31.270253,121.496707,19
5011000016907,溧阳华府（公寓）,82180,虹口,鲁迅公园,31.268606,121.495856,5
5011000017416,世博花园,88526,虹口,鲁迅公园,31.274182,121.498077,6
5011000013441,学府花苑,53770,虹口,凉城,31.30936572,121.4756139,16
5011000017979,河滨大楼,78186,虹口,四川北路,31.249043,121.489867,80
5011000000150,良辰美景公寓,62753,虹口,凉城,31.310165,121.473693,11
5011000017142,绿洲紫荆花园,73635,虹口,鲁迅公园,31.273876,121.494977,14
5011000009864,明光公寓,56868,虹口,凉城,31.278107,121.473622,18
5011000015554,恒升半岛,44194,虹口,北外滩,31.253093,121.495936,15
5011000016009,赤峰小区,70947,虹口,曲阳,31.288999,121.498776,22
5011000017185,瑞虹新城（一期）,79547,虹口,临平路,31.268977,121.502015,14
5011000018055,瑞虹新城（二期）,95182,虹口,临平路,31.267216,121.505812,10
5011000016111,浦江名邸,78007,虹口,临平路,31.261887,121.503138,11
5011000014459,玉田新村,58550,虹口,曲阳,31.284224,121.500276,24
5011000016349,何家宅小区,66482,虹口,鲁迅公园,31.280439,121.48269,23
5011000017512,锦苑小区（虹口）,62402,虹口,凉城,31.300575,121.474763,23
5011000017429,多伦多大厦,56041,虹口,四川北路,31.267848,121.490105,21
5011000014409,紫金公馆,40517,虹口,凉城,31.278897,121.474954,6
5011000015674,逸仙小区,52506,虹口,江湾镇,31.312904,121.490721,24
5011000016509,白金府邸,87160,虹口,北外滩,31.255637,121.501073,11
5011000016102,新外滩花苑,102074,虹口,北外滩,31.255976,121.511333,14
5011000005352,瑞虹新城（五期）,110296,虹口,临平路,31.270745,121.503249,2
5011000011052,远虹大厦,69792,虹口,临平路,31.262811,121.506476,21
5011000002994,大二小区,61010,虹口,曲阳,31.27878858,121.5000061,20
5011000016345,东体小区,66091,虹口,曲阳,31.285732,121.495367,9
5011000015756,香港丽园,77240,虹口,临平路,31.263614,121.503702,12
5011000004370,星苑小区,64318,虹口,凉城,31.303276,121.481229,18
5011000013831,久耕小区,69870,虹口,北外滩,31.2575411,121.4972738,25
5011000012700,广中五村,70107,虹口,凉城,31.28362039,121.4827908,37
5011000017283,复城国际（公寓）,78070,虹口,曲阳,31.294967,121.498597,8
5011000017511,裕群公寓,57575,虹口,鲁迅公园,31.2786,121.494739,18
5011000001901,广中四村,63330,虹口,凉城,31.28671177,121.4854813,32
5011000010940,文华苑（虹口）,55217,虹口,凉城,31.303306,121.471559,19
5011000011949,嘉宏紫薇园,68609,虹口,鲁迅公园,31.27164,121.4849,15
5011000016832,虹口嘉苑,75486,虹口,江湾镇,31.301059,121.4856274,12
5011000017275,阳光前景,91764,虹口,北外滩,31.260239,121.505618,13
5011000015117,九联小区,59885,虹口,北外滩,31.26435953,121.5132792,22
5011000015478,华能公寓,61293,虹口,鲁迅公园,31.27944677,121.4880746,14
5011000010436,瑞虹新城（四期）,110864,虹口,临平路,31.267989,121.504061,5
5011000010822,商业二村,55486,虹口,凉城,31.288567,121.486529,16
5011000003209,新电小区,58179,虹口,江湾镇,31.29684904,121.4878701,18
5011000003182,大连小区,72766,虹口,临平路,31.273185,121.511626,22
5011000013778,广中三村,74492,虹口,凉城,31.284522,121.482708,33
5011000020378,四平路幸福村,68824,虹口,曲阳,31.27967517,121.504087,26
5011000012607,飘鹰花苑,75243,虹口,临平路,31.268852,121.512648,15
5011000003545,花园城,86592,虹口,凉城,31.277364,121.479959,10
5011000014552,欣逸家园,78868,虹口,江湾镇,31.302171,121.490938,10
5011000014897,海尚逸苑,56339,虹口,江湾镇,31.318237,121.487679,6
5011000015550,柳林公寓,58066,虹口,凉城,31.277988,121.476194,13
5011000017344,银欣花苑（虹口）,61503,虹口,临平路,31.268822,121.498328,19
5011000017747,耀江国际广场（公寓）,82244,虹口,北外滩,31.255483,121.497181,11
5011000009244,宏苑小区,54325,虹口,凉城,31.28086,121.475033,18
5011000012634,宝华城市花园,84778,虹口,凉城,31.284587,121.472716,6
5011102208937,密二小区,67541,虹口,曲阳,31.28788713,121.4992592,12
5011000017007,虹叶茗园,82848,虹口,临平路,31.267921,121.511398,8
5011000013419,广裕小区,54841,虹口,凉城,31.308659,121.47372,18
5011000009656,灵新小区,59517,虹口,凉城,31.29395908,121.4853174,26
5011000016789,欧洲花园,68327,虹口,临平路,31.270519,121.499377,18
5011000013127,银联花园,62113,虹口,曲阳,31.290643,121.49489,21
5011000017415,虹叶花苑,68487,虹口,四川北路,31.267019,121.49304,7
5011000013507,大西小区,67862,虹口,曲阳,31.281892,121.501788,30
5011000007603,密云路471弄,70826,虹口,曲阳,31.28878984,121.5020471,28
5011000003991,文苑小区（虹口）,54741,虹口,凉城,31.303722,121.472813,19
5011000011529,密三小区,86950,虹口,曲阳,31.28644445,121.4980645,34
5011000009637,东方都市景苑,83007,虹口,临平路,31.265782,121.507468,14
5011000015861,万峰梦湖苑,77288,虹口,凉城,31.288269,121.467891,12
5011000001607,友谊二村,55523,虹口,凉城,31.29153669,121.485998,36
5011000004719,保民新村,87444,虹口,北外滩,31.26684222,121.5138788,30
5011000018231,东泰大厦,45165,虹口,北外滩,31.253509,121.495888,17
5011000017882,外滩99,84104,虹口,四川北路,31.250078,121.489784,9
5011000017492,洛阳新村,56843,虹口,凉城,31.29071451,121.4871699,19
5011000015451,虹口现代公寓,73587,虹口,临平路,31.266793,121.502124,14
5011000012424,白金湾广场（公寓）,98488,虹口,北外滩,31.255935,121.513002,8
5011000013278,广联新苑,64821,虹口,凉城,31.273778,121.478283,15
5011000004487,铂金时代,43869,虹口,凉城,31.279337,121.472806,28
5011000015156,国贸花园,64278,虹口,四川北路,31.264056,121.492784,18
5011000010238,金属新村,63238,虹口,凉城,31.28320477,121.4804259,21
5011000012290,新昌大厦,59240,虹口,凉城,31.29266913,121.4872378,18
5011000016279,紫虹嘉苑,84873,虹口,临平路,31.266925,121.509142,1
5011000015075,玫瑰广场,92040,虹口,四川北路,31.259413,121.489372,9
5011000017560,欧阳名邸,84041,虹口,鲁迅公园,31.279538,121.493804,13
5011000017570,黄山坊,59781,虹口,凉城,31.27409867,121.4779823,3
5011000012646,和平商厦,35533,虹口,临平路,31.27535347,121.5126756,18
5011000012655,云舫小区,65935,虹口,北外滩,31.260844,121.520723,27
5011000013031,中星凉城苑,66867,虹口,凉城,31.3055464,121.479563,14
5011000017849,凯虹家园,79325,虹口,临平路,31.261959,121.499241,15
5011000005067,垦业小区,72038,虹口,临平路,31.26444,121.500007,31
5011000015688,三九大厦,49555,虹口,江湾镇,31.29785253,121.4919074,20
5011000013786,新丰家园,60910,虹口,江湾镇,31.312086,121.487547,11
5011000015766,金轩大邸,73498,虹口,临平路,31.276569,121.505388,9
5011000017508,虹祺花苑（公寓）,69613,虹口,四川北路,31.27025,121.48485,16
5011000008992,新陆花苑,76801,虹口,临平路,31.272414,121.499814,22
5011000004295,鸿旭豪苑（酒店式公寓）,50021,虹口,北外滩,31.264197,121.518405,9
5011000010634,吉联大厦,59525,虹口,鲁迅公园,31.28272412,121.4825924,10
5011000004862,文宇公寓,66532,虹口,鲁迅公园,31.28205685,121.4942403,12
5011000014705,邮电二村,73701,虹口,曲阳,31.28872358,121.4933492,23
5011000012335,八一小区,59371,虹口,曲阳,31.29389907,121.4993012,18
5011000012475,万康家园,56107,虹口,凉城,31.30697188,121.4751623,18
5011000013594,金宝大厦,61241,虹口,四川北路,31.266001,121.48566,12
5011000013821,中信和平家园,92767,虹口,临平路,31.273741,121.504524,6
5011000014406,金机大厦（公寓）,54704,虹口,四川北路,31.26959749,121.4859596,19
5011000015181,凯阳新寓,28297,虹口,江湾镇,31.30363361,121.4924718,12
5011000013987,辛耕大厦,54809,虹口,江湾镇,31.30853668,121.4918282,16
5011000007590,民华小区,53321,虹口,江湾镇,31.31702779,121.4875626,22
5011000017823,欧四小区,62067,虹口,鲁迅公园,31.277797,121.494128,19
5011000017664,邮电新村,60341,虹口,曲阳,31.27605,121.502886,31
5011000011815,三门二小区,52538,虹口,江湾镇,31.31873824,121.4849117,19
5011000016311,虹口花苑,67033,虹口,鲁迅公园,31.271303,121.48254,13
5011000011338,上农新村,74647,虹口,曲阳,31.28860824,121.4897177,22
5011000012597,梅福花苑,61894,虹口,凉城,31.31169837,121.4726813,12
5011000014181,广中扩大小区,61930,虹口,凉城,31.294392,121.479449,22
5011000014571,华清名苑,73645,虹口,鲁迅公园,31.269627,121.481009,13
5011000015834,欧阳花苑,67698,虹口,鲁迅公园,31.278797,121.497817,16
5011000015119,昌鑫世纪园,50013,宝山,通河,31.33350034,121.4580931,14
5011000020565,绿地海域笙晖（别墅）,67471,宝山,杨行,31.37042,121.458284,1
5011102210207,馨佳园（韶山路245弄）,43980,宝山,顾村,31.36478864,121.3714533,5
5011000012095,新顾村大家园B区,43455,宝山,顾村,31.36293835,121.4148294,11
5011000012860,惠民公寓,45550,宝山,张庙,31.32711462,121.4536351,13
5011000014385,上大阳光乾和园,45120,宝山,大场镇,31.30806,121.408547,8
5011000014539,祁连四村,45380,宝山,上大,31.32267902,121.3885615,18
5011000014341,共康八村,45408,宝山,共康,31.33030016,121.4412634,20
5011000013358,丽景翠庭,40878,宝山,杨行,31.39446227,121.4374077,7
5011000014607,嘉华苑（宝山）,57186,宝山,大华,31.272786,121.423942,14
5011000014610,玉华苑,55963,宝山,大华,31.29097865,121.4166624,15
5011102210177,鹏程花苑,47704,宝山,淞南,31.343671,121.495168,12
5011000005412,共江小区,49984,宝山,通河,31.33424483,121.4526727,18
5011000009235,葑润华庭,51687,宝山,上大,31.3289159,121.3874492,8
5011000011363,绿地公元1860,60501,宝山,顾村,31.361531,121.425118,4
5011000013061,宝钢九村,41665,宝山,淞宝,31.412984,121.482635,19
5011000001175,中环1号（三期）,65115,宝山,大华,31.297947,121.408394,1
5011000014372,丰水宝邸（东苑）,44815,宝山,顾村,31.3629,121.401245,11
5011000011025,宝虹水岸景苑,44413,宝山,杨行,31.3776,121.441368,5
5011000014640,民悦苑,53810,宝山,张庙,31.339266,121.451289,10
5011000017750,当代高邸,47745,宝山,上大,31.323636,121.391715,12
5011000003885,招商海德名门（公寓）,40648,宝山,杨行,31.398607,121.426297,3
5011000014977,宝钢四村,48305,宝山,淞宝,31.41261626,121.4934347,20
5011000012534,友谊家园,40945,宝山,杨行,31.401838,121.461004,3
5011000005202,保利叶之林,58418,宝山,上大,31.32796731,121.3863602,116
5011000008865,宝钢二村,45195,宝山,淞宝,31.408624,121.490585,18
5011000011767,九英里,58104,宝山,共康,31.3371981,121.4386571,9
5011000012177,盛宅新村,41040,宝山,顾村,31.35942124,121.4195058,8
5011000013408,海德花园,42809,宝山,杨行,31.39712099,121.4312958,6
5011000016137,乾溪新村,47835,宝山,大场镇,31.310996,121.417162,10
5011000013742,宝启花园（公寓）,37748,宝山,杨行,31.377039,121.44373,13
5011000012327,瑞丰园,45809,宝山,上大,31.32342906,121.3838417,11
5011000014297,泗塘五村,48075,宝山,张庙,31.33934966,121.4677609,22
5011000014747,环绿国际,37620,宝山,顾村,31.362111,121.392192,8
5011000017146,通河六村,47846,宝山,通河,31.337113,121.459759,20
5011000017539,水韵华庭,60349,宝山,大华,31.275256,121.42973,11
5011000010040,春江美庐（公寓）,46278,宝山,杨行,31.374279,121.458831,4
5011000005386,绿地海域笙晖（公寓）,46162,宝山,杨行,31.370501,121.458266,1
5011102210094,菊泉新城（菊泉街39弄）,39879,宝山,顾村,31.3577308,121.3870333,11
5011000011585,丰翔新城,31872,宝山,上大,31.322702,121.354918,4
5011000014117,共富四村,43452,宝山,共富,31.35563,121.433772,14
5011000012034,海尚明城,41621,宝山,杨行,31.401101,121.45423,7
5011000010869,大华虎城第三空间,55790,宝山,大华,31.277576,121.417862,116
5011000018010,南华苑,53408,宝山,大华,31.27653801,121.4284648,13
5011000012725,淞南五村,46697,宝山,淞南,31.34311439,121.4906976,17
5011000014370,圣卡洛铂庭,40700,宝山,顾村,31.363276,121.38871,9
5011000013862,美兰湖颐景园,33959,宝山,罗店,31.400358,121.369,9
5011000012428,宝景苑,54410,宝山,淞南,31.344402,121.483327,8
5011000017422,馨华苑,55793,宝山,大华,31.28045,121.42426,15
5011000013016,祁连欣苑,43166,宝山,上大,31.31954526,121.3834306,8
5011000008829,丰水宝邸（西苑）,41330,宝山,顾村,31.362078,121.39828,10
5011102210432,美兰湖花园,47279,宝山,罗店,31.41232013,121.3599178,4
5011000009834,上置香岛原墅（别墅）,43758,宝山,罗店,31.416779,121.365619,4
5011000014874,万科琥珀郡园,43962,宝山,罗店,31.399728,121.369338,4
5011000014935,世纪非凡锦城,42749,宝山,顾村,31.361561,121.39822,8
5011000007031,吉浦路615弄,50956,宝山,高境,31.322161,121.498121,20
5011000012862,宝宸共和家园,63696,宝山,共康,31.338476,121.444484,5
5011000013627,通河一村,49826,宝山,张庙,31.34101,121.455213,21
5011000016480,好旺花苑,55407,宝山,大华,31.291899,121.420309,19
5011000015462,四季绿城,57359,宝山,高境,31.336321,121.483078,7
5011000009085,杨泰三村,37962,宝山,杨行,31.386261,121.443971,15
5011000013338,共康五村,49929,宝山,共康,31.327692,121.445276,19
5011000013347,锦龙苑,52232,宝山,上大,31.31929837,121.3852571,9
5011000017384,枫庭丽苑,57103,宝山,大华,31.283654,121.414371,11
5011000014271,海江二村,44608,宝山,淞宝,31.398792,121.509369,18
5011000017435,和欣国际花园,69317,宝山,共康,31.341681,121.442079,6
5011000010836,富锦苑,29809,宝山,月浦,31.40974031,121.4401516,15
5011000011023,美兰湖岭域,46813,宝山,罗店,31.398182,121.364944,5
5011000012052,顺驰美兰湖,37146,宝山,罗店,31.41160115,121.3631432,5
5011000013517,呼玛三村,52863,宝山,张庙,31.343659,121.447435,11
5011102210288,保利叶上海（别墅）,54819,宝山,顾村,31.34821468,121.361301,116
5011000004452,锦秋花园（公寓）,45767,宝山,上大,31.330417,121.393213,1
5011000009781,世纪非凡怡园,42530,宝山,顾村,31.35941594,121.3994425,8
5011000013429,高境二村,49508,宝山,高境,31.328445,121.484134,19
5011000015501,东方丽都,42536,宝山,杨行,31.39131904,121.4421542,5
5011000017582,杨泰二村,38162,宝山,杨行,31.376595,121.448999,13
5011102209227,中环1号（二期）,59372,宝山,大华,31.29614804,121.4113656,3
5011000012028,盛达家园,51275,宝山,张庙,31.33618055,121.4722601,10
5011102210359,古北菊翔苑（菊联路233弄）,47798,宝山,顾村,31.35200212,121.3698191,8
5011000013512,淞南七村,42834,宝山,淞南,31.34017414,121.4857819,19
5011102209394,中环1号（五期）,57647,宝山,大华,31.295084,121.406969,116
5011000010753,宝钢三村,46705,宝山,淞宝,31.409424,121.487186,22
5011000010766,共和小区,49944,宝山,张庙,31.326997,121.454863,15
5011000014646,月浦八村,35430,宝山,月浦,31.422522,121.431166,21
5011000013536,文宝苑,51858,宝山,顾村,31.353332,121.375624,8
5011000011783,宝林七村,43991,宝山,淞宝,31.40973802,121.5027239,21
5011000014787,檀乡湾,41315,宝山,顾村,31.363817,121.424184,5
5011000013479,艺康苑,57122,宝山,共康,31.327724,121.450436,15
5011000017144,鑫鑫花园,41793,宝山,共富,31.35168404,121.4334527,11
5011102210213,馨佳园（菊泉街1280弄）,44524,宝山,顾村,31.366359,121.378865,6
5011102210292,馨佳园（韶山路418弄）,45433,宝山,顾村,31.37106665,121.3722824,6
5011000008186,慧华苑,43415,宝山,上大,31.31474437,121.4045082,7
5011000009437,菊泉新城（陆翔路678弄）,40454,宝山,顾村,31.359319,121.373138,11
5011000010840,通河四村,50135,宝山,通河,31.338219,121.452818,18
5011000002801,旭辉澜悦湾,30870,宝山,罗泾,31.47101,121.355301,3
5011000002960,风尚天地广场,24170,宝山,共康,31.32882807,121.449682,4
5011000004601,三门路485弄,52256,宝山,高境,31.31860567,121.4999132,19
5011000013646,绿洲花园,39538,宝山,顾村,31.361789,121.395544,10
5011000001008,旭辉依云湾（公寓）,49906,宝山,顾村,31.356599,121.394737,6
5011000009841,上坤公园天地（商住）,43411,宝山,顾村,31.346274,121.359513,116
5011000012162,共康六村,47747,宝山,共康,31.33027988,121.4473681,15
5011000015850,天极盛宅花园,37470,宝山,顾村,31.35809767,121.4209256,12
5011000002700,远洋7号,42391,宝山,罗店,31.410974,121.353848,3
5011000012883,宝山三村,48500,宝山,淞宝,31.39867347,121.5045214,5
5011000014758,香逸湾,46420,宝山,杨行,31.369796,121.453977,4
5011000012087,泗塘七村,45414,宝山,张庙,31.334331,121.468586,21
5011000014814,万业紫辰苑,41136,宝山,杨行,31.404802,121.44826,4
5011000012817,富浩花园,46753,宝山,张庙,31.350782,121.460262,14
5011000014913,嘉骏花苑,55134,宝山,高境,31.33477744,121.4811783,12
5011000013514,采菊苑,47691,宝山,顾村,31.35551108,121.3735894,8
5011000002478,锦秋路1188弄,48043,宝山,上大,31.32510961,121.3906083,17
5011000018310,北华苑,54291,宝山,大华,31.287482,121.419657,16
5011000010272,杨泰一村,36539,宝山,杨行,31.379027,121.447663,14
5011000017166,大唐花园,32834,宝山,共富,31.34942,121.40727,7
5011000011374,新顾村大家园A区,44648,宝山,顾村,31.364854,121.414214,10
5011000013149,新梅绿岛苑,58009,宝山,共康,31.34067768,121.4369446,9
5011000011581,荻泾苑,34216,宝山,顾村,31.35344573,121.4069257,20
5011000016899,怡华苑,50965,宝山,大华,31.278171,121.425741,17
5011000013126,呼玛二村,47500,宝山,张庙,31.347713,121.454004,21
5011000015938,经纬城市绿洲,52639,宝山,上大,31.334703,121.402008,6
5011000012592,梧桐城邦（公寓）,64238,宝山,大华,31.295585,121.416867,3
5011000015388,大华一村,52853,宝山,大华,31.283225,121.430586,15
5011000013848,绿地领海（商住）,20824,宝山,上大,31.321122,121.356096,4
5011102210422,保利叶上海（公寓）,53974,宝山,顾村,31.35350639,121.3651601,116
5011000015365,文华苑（宝山）,53492,宝山,大华,31.285771,121.424674,16
5011000013692,大华二村,54028,宝山,大华,31.278963,121.422363,16
5011000016514,泰和新城,37759,宝山,顾村,31.356037,121.413084,16
5011000016498,康泰新城,49836,宝山,大华,31.289342,121.411289,13
5011102210440,好日子大家园,43798,宝山,顾村,31.35516788,121.3681228,116
5011000012603,美岸栖庭（公寓）,60790,宝山,高境,31.3314284,121.4958192,3
5011000009045,金地艺境（宝山）,34501,宝山,上大,31.322362,121.356439,4
5011000012404,天馨花园（公寓）,40124,宝山,杨行,31.370161,121.438399,7
5011000017696,万科四季花城（公寓）,45757,宝山,杨行,31.39149027,121.448309,7
5011000015995,聚丰景都,50010,宝山,上大,31.317771,121.380986,6
5011000013618,共富一村,42753,宝山,共富,31.3586347,121.4365694,10
5011000012041,中环1号（一期）,57262,宝山,大华,31.298678,121.411196,5
5011000003788,绿地北郊广场,25733,宝山,顾村,31.36301424,121.3852817,4
5011000002753,绿地公园广场（商住）,22425,宝山,顾村,31.350624,121.378908,4
5011000000130,保利叶语（公寓）,55566,宝山,顾村,31.350442,121.373451,116
5011000018017,复星新苑,53840,宝山,大华,31.293599,121.42832,14
5011000009452,宝山一村,41294,宝山,淞宝,31.40063474,121.5105345,18
5011000017209,昌鑫时代绿园,52083,宝山,张庙,31.3342825,121.4677702,12
5011000012356,逸仙二村,48704,宝山,高境,31.322511,121.502143,15
5011000014211,成亿宝盛家苑,40811,宝山,顾村,31.360457,121.421185,10
5011102210040,菊泉新城（菊盛路50弄）,42469,宝山,顾村,31.35534841,121.3806389,11
5011000013363,上大聚丰园,45004,宝山,上大,31.315655,121.391053,11
5011000009414,宝林一村,49312,宝山,淞宝,31.404694,121.490256,18
5011000009419,乐业五村,37285,宝山,月浦,31.41908714,121.4296208,19
5011000013953,罗南二村,33679,宝山,罗店,31.3928425,121.3736263,11
5011000015545,学林苑,47061,宝山,上大,31.319567,121.389936,12
5011000004708,宝林二村,46467,宝山,淞宝,31.407187,121.494775,26
5011000000600,宝钢一村,52908,宝山,淞宝,31.41173542,121.4932502,34
5011000013805,东方帕堤欧,51132,宝山,顾村,31.358914,121.393189,6
5011000014605,华鹏花苑,49783,宝山,大华,31.291577,121.41788,19
5011000012556,通河八村,48456,宝山,通河,31.33627637,121.4549554,14
5011000013570,祁连一村,45463,宝山,上大,31.317749,121.387506,18
5011000011558,宝钢五村,44745,宝山,淞宝,31.41213,121.488084,17
5011000012486,星福家园,45703,宝山,上大,31.32036812,121.3799701,11
5011000012582,华能城市花园,60428,宝山,淞宝,31.40212038,121.491561,15
5011000013190,共康七村,48892,宝山,共康,31.33410272,121.4433888,19
5011000013453,宝山八村,46836,宝山,淞宝,31.40157655,121.500425,18
5011000013691,大华三村二街坊,55430,宝山,大华,31.28945,121.424612,20
5011000004380,逸仙一村,53286,宝山,高境,31.32008626,121.4943316,23
5011000000145,悦尚华都,48901,宝山,大华,31.282053,121.426787,5
5011000018725,卓越时代广场,33042,宝山,共康,31.345954,121.442478,1
5011102210316,馨佳园（菊盛路851弄）,46000,宝山,顾村,31.373339,121.372326,5
509821540057610,远洋7号酒店式公寓,18749,宝山,罗店,31.410155549272,121.35509615253,3
5011000014845,新顾村大家园C区,42422,宝山,顾村,31.36638,121.419354,5
5011000011141,临江三村,44293,宝山,淞宝,31.417401,121.493982,16
5011000018282,康泰东苑,49708,宝山,大华,31.29152,121.412672,14
5011000013865,城投世纪名城,49518,宝山,张庙,31.33132405,121.4687824,12
5011000002297,宝钢六村,50508,宝山,淞宝,31.41257892,121.4868814,14
5011000004055,宝山二村,46225,宝山,淞宝,31.401352,121.506541,17
5011000004531,海滨二村（宝山）,40381,宝山,淞宝,31.38690036,121.4988793,19
5011000001260,逸仙路1321弄小区,51826,宝山,高境,31.322445,121.494476,13
5011000013880,美树铭家,51135,宝山,张庙,31.33109075,121.4648171,13
5011000012702,祥腾生活广场,33978,宝山,淞南,31.345913,121.48565,7
5011000011398,新天地荻泾花园,45245,宝山,顾村,31.36088093,121.3956842,5
5011000016133,康桥水都（公寓）,40689,宝山,杨行,31.370073,121.4488,4
5011000017602,共富二村,41214,宝山,共富,31.353984,121.437777,10
5011000015496,锦秋花园（别墅）,47572,宝山,上大,31.330332,121.396035,9
5011000010583,水岸蓝桥（公寓）,64285,宝山,大华,31.280595,121.414492,7
5011000014067,高境一村,50359,宝山,高境,31.325868,121.488126,15
5011000010988,美兰湖中华园,45444,宝山,罗店,31.413975,121.366349,116
5011000013759,三花现代城,63150,宝山,高境,31.324675,121.479561,2
5011000009830,上置美兰优湖,17482,宝山,罗店,31.40761383,121.357618,3
5011000014451,祁连二村,44052,宝山,上大,31.322801,121.387352,19
5011102210180,绿地摩登公馆,21600,宝山,顾村,31.36297788,121.4259434,3
5011000016321,滨江雅苑,58597,宝山,大华,31.283449,121.419835,11
5011000017305,大华公园世家康华苑,56912,宝山,大华,31.287254,121.416609,14
5011000008871,宝宸怡景园,67433,宝山,共康,31.337204,121.441228,5
5011000009842,荣域飘鹰锦和花园（公寓）,44120,宝山,杨行,31.37406845,121.4361318,116
5011000014611,远景佳苑,58273,宝山,大华,31.291755,121.422115,9
5011000014609,铂金华府,66565,宝山,大华,31.280682,121.419351,7
5011000013210,菊泉新城（陆翔路358弄）,46592,宝山,顾村,31.354167,121.37701,11
5011000010212,远洋香奈,45608,宝山,杨行,31.399686,121.434924,2
509821540057898,湘源大厦,38652,宝山,淞南,31.351260109021,121.48589497052,116
5011000014723,金星绿苑,30058,宝山,罗店,31.42943222,121.3614414,10
5011000003079,上置香岛原墅（公寓）,39293,宝山,罗店,31.41614,121.366597,4
5011000015088,通河二村,48454,宝山,通河,31.339731,121.456528,20
